{"accuracy_top-1": 55.589683532714844, "accuracy_top-5": 75.97747039794922, "support": 15627.0, "precision": 74.39577381469493, "recall": 55.3356537201222, "f1_score": 58.686602337204945}