{"accuracy_top-1": 30.172136306762695, "accuracy_top-5": 48.77455520629883, "support": 15627.0, "precision": 59.528657184890186, "recall": 30.006123724061823, "f1_score": 32.926196670671466}