{"accuracy_top-1": 59.397193908691406, "accuracy_top-5": 78.7931137084961, "support": 15627.0, "precision": 74.69109029615841, "recall": 58.986115998085594, "f1_score": 61.26458909641679}