{"accuracy_top-1": 26.03186798095703, "accuracy_top-5": 47.7698860168457, "support": 15627.0, "precision": 51.01416791704505, "recall": 25.9206739754523, "f1_score": 26.592525034114498}