{"accuracy_top-1": 43.50162887573242, "accuracy_top-5": 67.19139862060547, "support": 15627.0, "precision": 64.84403864788383, "recall": 42.965460472592234, "f1_score": 46.0343788031049}