{"accuracy_top-1": 8.311384201049805, "accuracy_top-5": 19.944395065307617, "support": 6834.0, "precision": 24.45339653881633, "recall": 5.232299959623492, "f1_score": 6.182084536715508}