{"accuracy_top-1": 12.24758529663086, "accuracy_top-5": 23.9830265045166, "support": 6834.0, "precision": 32.735220313615535, "recall": 7.800373509691131, "f1_score": 9.615181999236155}