{"accuracy_top-1": 98.54996490478516, "accuracy_top-5": 99.76829528808594, "support": 13379.0, "precision": 98.69364763128047, "recall": 97.94362221132921, "f1_score": 98.21198854252569}