{"accuracy_top-1": 27.535675048828125, "accuracy_top-5": 48.972930908203125, "support": 15627.0, "precision": 61.041241523855504, "recall": 26.93659741444342, "f1_score": 28.47485264844071}