{"accuracy_top-1": 32.69341278076172, "accuracy_top-5": 48.92173767089844, "support": 15627.0, "precision": 73.66951012021725, "recall": 32.25291042609927, "f1_score": 38.31531998096917}