{"accuracy_top-1": 66.26351928710938, "accuracy_top-5": 82.92698669433594, "support": 15627.0, "precision": 80.86206567854485, "recall": 65.78392959542137, "f1_score": 68.60785269568645}