{"accuracy_top-1": 61.726497650146484, "accuracy_top-5": 79.82978057861328, "support": 15627.0, "precision": 78.88102252372681, "recall": 61.298321868339194, "f1_score": 64.25901678091644}