{"accuracy_top-1": 58.875850677490234, "accuracy_top-5": 77.94304656982422, "support": 13379.0, "precision": 72.09625804467645, "recall": 56.14804724527832, "f1_score": 57.02422116902447}