{"accuracy_top-1": 9.447641372680664, "accuracy_top-5": 24.45623779296875, "support": 13379.0, "precision": 16.35568808841561, "recall": 8.122204581237204, "f1_score": 6.721013638356026}