{"accuracy_top-1": 29.41176414489746, "accuracy_top-5": 50.71380615234375, "support": 13379.0, "precision": 47.36915575597888, "recall": 26.647299782955773, "f1_score": 26.21929583170928}