{"accuracy_top-1": 21.197399139404297, "accuracy_top-5": 40.3468132019043, "support": 13379.0, "precision": 40.9009131024807, "recall": 19.068193616804297, "f1_score": 18.726978384480233}