{"accuracy_top-1": 14.642350196838379, "accuracy_top-5": 32.19971466064453, "support": 13379.0, "precision": 25.335719964527566, "recall": 13.227056589250168, "f1_score": 11.802280013652078}