{"accuracy_top-1": 36.893638610839844, "accuracy_top-5": 59.37663269042969, "support": 13379.0, "precision": 61.679661966700756, "recall": 36.03785151351633, "f1_score": 36.719309670682605}