{"accuracy_top-1": 26.018386840820312, "accuracy_top-5": 46.01988220214844, "support": 13379.0, "precision": 50.9170106295394, "recall": 25.44145401131869, "f1_score": 25.869082093410814}