{"accuracy_top-1": 71.22355651855469, "accuracy_top-5": 85.20068359375, "support": 13379.0, "precision": 80.67581500926663, "recall": 68.17287692944232, "f1_score": 69.55402467365965}