{"accuracy_top-1": 10.74026870727539, "accuracy_top-5": 25.36563491821289, "support": 13333.0, "precision": 17.5624917314435, "recall": 8.7567184965164, "f1_score": 7.018509671371158}