{"accuracy_top-1": 26.025861740112305, "accuracy_top-5": 47.52223587036133, "support": 13379.0, "precision": 54.32607127473544, "recall": 25.183321454252386, "f1_score": 25.67526767943273}