{"accuracy_top-1": 7.003512859344482, "accuracy_top-5": 18.872859954833984, "support": 13379.0, "precision": 13.886476873288002, "recall": 5.560852043408839, "f1_score": 4.5368059356712624}