{"accuracy_top-1": 69.295166015625, "accuracy_top-5": 81.95679473876953, "support": 13379.0, "precision": 82.67497418989701, "recall": 67.35859242319056, "f1_score": 70.18217715998368}