{"accuracy_top-1": 14.575079917907715, "accuracy_top-5": 28.47746467590332, "support": 13379.0, "precision": 43.65161294286769, "recall": 13.506961120546297, "f1_score": 14.244305237492066}