{"accuracy_top-1": 24.239479064941406, "accuracy_top-5": 45.07810592651367, "support": 13379.0, "precision": 39.66660594597969, "recall": 21.767278335265775, "f1_score": 19.285538542998918}