{"accuracy_top-1": 88.16802215576172, "accuracy_top-5": 97.38395690917969, "support": 13379.0, "precision": 87.44838434736583, "recall": 86.19052564820132, "f1_score": 85.29890416222088}