{"accuracy_top-1": 69.08555603027344, "accuracy_top-5": 87.3232192993164, "support": 15627.0, "precision": 82.88620098522567, "recall": 68.41478419043021, "f1_score": 71.83877220594412}