{"accuracy_top-1": 97.4349365234375, "accuracy_top-5": 99.59498596191406, "support": 13333.0, "precision": 97.77651807461977, "recall": 96.85249460991665, "f1_score": 97.16805821680913}