{"accuracy_top-1": 97.87744903564453, "accuracy_top-5": 99.70748901367188, "support": 13333.0, "precision": 97.85162287022244, "recall": 97.10146014507495, "f1_score": 97.34655273989107}