{"accuracy_top-1": 38.38595962524414, "accuracy_top-5": 60.58651351928711, "support": 13333.0, "precision": 59.887843268794605, "recall": 35.40055782419393, "f1_score": 33.756924953767985}