{"accuracy_top-1": 78.52696228027344, "accuracy_top-5": 93.21983337402344, "support": 13333.0, "precision": 81.67169681468573, "recall": 73.96924373039138, "f1_score": 73.85223977159875}