{"accuracy_top-1": 67.68919372558594, "accuracy_top-5": 86.75466918945312, "support": 13333.0, "precision": 74.1466028052429, "recall": 62.62438894404473, "f1_score": 61.78514523162132}