{"accuracy_top-1": 39.69849395751953, "accuracy_top-5": 62.23655700683594, "support": 13333.0, "precision": 67.17692767254817, "recall": 39.352467215868, "f1_score": 39.651561452138885}