{"accuracy_top-1": 98.82997131347656, "accuracy_top-5": 99.81999206542969, "support": 13333.0, "precision": 98.87108227077921, "recall": 98.51204799953248, "f1_score": 98.64436658419916}