{"accuracy_top-1": 16.582914352416992, "accuracy_top-5": 34.39585876464844, "support": 13333.0, "precision": 31.379951763885835, "recall": 14.158385500624926, "f1_score": 12.84868591888312}