{"accuracy_top-1": 66.72917175292969, "accuracy_top-5": 80.90452575683594, "support": 13333.0, "precision": 82.59522042833756, "recall": 63.95465330312934, "f1_score": 67.5434684216712}