{"accuracy_top-1": 25.276763916015625, "accuracy_top-5": 47.21955490112305, "support": 15627.0, "precision": 49.2094442013361, "recall": 24.85574442855701, "f1_score": 24.863321582967988}