{"accuracy_top-1": 75.69189453125, "accuracy_top-5": 86.18465423583984, "support": 13333.0, "precision": 86.53591985325133, "recall": 74.03453276534805, "f1_score": 76.47087233544096}