{"accuracy_top-1": 86.7984848022461, "accuracy_top-5": 96.65962219238281, "support": 15627.0, "precision": 87.49461244486889, "recall": 86.24415582886911, "f1_score": 86.55935264713156}