{"accuracy_top-1": 14.137853622436523, "accuracy_top-5": 31.66579246520996, "support": 13333.0, "precision": 24.377266329404495, "recall": 11.952531279838004, "f1_score": 10.414517583978014}