{"accuracy_top-1": 75.97689819335938, "accuracy_top-5": 86.6346664428711, "support": 13333.0, "precision": 84.56428660193498, "recall": 74.09424685378468, "f1_score": 75.96704549399408}