{"accuracy_top-1": 46.62116622924805, "accuracy_top-5": 69.3767318725586, "support": 13333.0, "precision": 66.93577669801928, "recall": 43.67275887931292, "f1_score": 45.12924661244725}