{"accuracy_top-1": 32.88832092285156, "accuracy_top-5": 54.44386291503906, "support": 13333.0, "precision": 57.82758113339607, "recall": 29.974682253460312, "f1_score": 31.261050317368973}