{"accuracy_top-1": 93.01732635498047, "accuracy_top-5": 97.44243621826172, "support": 13333.0, "precision": 95.20387789611337, "recall": 91.0792680228312, "f1_score": 92.6010739416886}