{"accuracy_top-1": 44.898719787597656, "accuracy_top-5": 69.82584381103516, "support": 13379.0, "precision": 51.106660532752564, "recall": 39.92630830492731, "f1_score": 38.008540983350606}