{"accuracy_top-1": 53.569026947021484, "accuracy_top-5": 77.78607940673828, "support": 13379.0, "precision": 57.16534484508591, "recall": 48.660960735765165, "f1_score": 46.571148442343514}