{"accuracy_top-1": 24.0609188079834, "accuracy_top-5": 42.836116790771484, "support": 15627.0, "precision": 51.97684826309231, "recall": 23.74553109701186, "f1_score": 25.60084949593694}