{"accuracy_top-1": 48.748958587646484, "accuracy_top-5": 71.35086822509766, "support": 15627.0, "precision": 66.45656815792104, "recall": 48.335799924366256, "f1_score": 50.27648664286213}