{"accuracy_top-1": 20.010238647460938, "accuracy_top-5": 40.68598937988281, "support": 15627.0, "precision": 41.228213557260474, "recall": 19.878844276287797, "f1_score": 19.9447827138911}