{"accuracy_top-1": 10.008779525756836, "accuracy_top-5": 17.486099243164062, "support": 6834.0, "precision": 34.648935421094905, "recall": 6.352291762357132, "f1_score": 8.458486330762977}