{"accuracy_top-1": 97.82494354248047, "accuracy_top-5": 99.5724868774414, "support": 13333.0, "precision": 97.87330948377802, "recall": 96.73257735122952, "f1_score": 97.16031206101268}