{"accuracy_top-1": 53.68634033203125, "accuracy_top-5": 74.76187133789062, "support": 13333.0, "precision": 72.27624326343776, "recall": 52.17333455968752, "f1_score": 53.09190327535264}