{"accuracy_top-1": 36.39841079711914, "accuracy_top-5": 57.541439056396484, "support": 13333.0, "precision": 62.8924402381351, "recall": 34.35262428598424, "f1_score": 35.66470097335598}