{"accuracy_top-1": 18.63796615600586, "accuracy_top-5": 39.49598693847656, "support": 13333.0, "precision": 36.8629397416641, "recall": 17.248773141253874, "f1_score": 16.769217973020773}