{"accuracy_top-1": 82.78707122802734, "accuracy_top-5": 90.3172607421875, "support": 13333.0, "precision": 88.15576248302906, "recall": 81.37548804688697, "f1_score": 82.73304613592857}