{"accuracy_top-1": 95.49988555908203, "accuracy_top-5": 99.26498413085938, "support": 13333.0, "precision": 95.88158630878789, "recall": 94.44549340443048, "f1_score": 94.92004859910938}