{"accuracy_top-1": 29.29545021057129, "accuracy_top-5": 54.84737777709961, "support": 15627.0, "precision": 58.293809700918935, "recall": 28.993899001578388, "f1_score": 31.20841439294219}