{"accuracy_top-1": 92.86194610595703, "accuracy_top-5": 98.93863677978516, "support": 13379.0, "precision": 92.94168196697987, "recall": 91.45036815244784, "f1_score": 91.67960220343727}