{"accuracy_top-1": 87.91389465332031, "accuracy_top-5": 97.6904067993164, "support": 13379.0, "precision": 88.2666112394989, "recall": 85.1825866115807, "f1_score": 85.59129367955248}