{"accuracy_top-1": 58.24534225463867, "accuracy_top-5": 80.73206329345703, "support": 15627.0, "precision": 74.79941438134385, "recall": 57.38340275882705, "f1_score": 60.45396291583263}