{"accuracy_top-1": 97.1779556274414, "accuracy_top-5": 99.7696304321289, "support": 15627.0, "precision": 97.2736897247016, "recall": 97.01391085765796, "f1_score": 97.05821613487134}