{"accuracy_top-1": 97.71244049072266, "accuracy_top-5": 99.68498992919922, "support": 13333.0, "precision": 97.90322884262662, "recall": 97.32789102714142, "f1_score": 97.50295624282384}