{"accuracy_top-1": 92.90970611572266, "accuracy_top-5": 98.4961929321289, "support": 15627.0, "precision": 93.27915191319053, "recall": 92.5542869956724, "f1_score": 92.77218541134629}