{"accuracy_top-1": 96.48684692382812, "accuracy_top-5": 99.6032485961914, "support": 15627.0, "precision": 96.5880174441853, "recall": 96.24209291748036, "f1_score": 96.33200403861842}