{"accuracy_top-1": 75.16687774658203, "accuracy_top-5": 83.2820816040039, "support": 13333.0, "precision": 85.22266802501319, "recall": 74.77743301534727, "f1_score": 76.53664158582116}