{"accuracy_top-1": 93.1908187866211, "accuracy_top-5": 98.60228729248047, "support": 13379.0, "precision": 93.38346188323436, "recall": 91.3336016876659, "f1_score": 91.82558895686758}