{"accuracy_top-1": 99.0174789428711, "accuracy_top-5": 99.85749816894531, "support": 13333.0, "precision": 99.10151241624153, "recall": 98.70268695131793, "f1_score": 98.83918661280111}