{"accuracy_top-1": 71.28047180175781, "accuracy_top-5": 88.23190307617188, "support": 15627.0, "precision": 84.3702969257374, "recall": 70.69770397521225, "f1_score": 73.1665633715745}