{"accuracy_top-1": 8.917722702026367, "accuracy_top-5": 23.738094329833984, "support": 13333.0, "precision": 22.19966682496732, "recall": 7.060357018801464, "f1_score": 6.73433252387212}