{"accuracy_top-1": 37.200931549072266, "accuracy_top-5": 61.56903839111328, "support": 13333.0, "precision": 69.73712932845952, "recall": 35.564351296282695, "f1_score": 37.626226643998045}