{"accuracy_top-1": 81.27203369140625, "accuracy_top-5": 87.26467895507812, "support": 13333.0, "precision": 89.85352206840834, "recall": 80.6228796103264, "f1_score": 83.05287900595258}