{"accuracy_top-1": 20.828020095825195, "accuracy_top-5": 35.04087448120117, "support": 13333.0, "precision": 57.992005312608505, "recall": 20.07090160141559, "f1_score": 20.441719537800967}