{"accuracy_top-1": 95.26737976074219, "accuracy_top-5": 98.29745483398438, "support": 13333.0, "precision": 96.00630069578133, "recall": 94.31351217830505, "f1_score": 94.91003113042362}