{"accuracy_top-1": 99.34972381591797, "accuracy_top-5": 99.92525482177734, "support": 13379.0, "precision": 99.35921215149962, "recall": 99.02019542707953, "f1_score": 99.15365590192474}