{"accuracy_top-1": 32.16868209838867, "accuracy_top-5": 55.032955169677734, "support": 15627.0, "precision": 55.06729294356059, "recall": 31.717854269520018, "f1_score": 33.5126816501474}