{"accuracy_top-1": 98.11644744873047, "accuracy_top-5": 99.59638214111328, "support": 13379.0, "precision": 97.8838121285853, "recall": 97.00053945131782, "f1_score": 97.34062431543093}