{"accuracy_top-1": 98.45496368408203, "accuracy_top-5": 99.69248962402344, "support": 13333.0, "precision": 98.69330622688533, "recall": 97.71719541756282, "f1_score": 98.01542791247275}