{"accuracy_top-1": 96.77491760253906, "accuracy_top-5": 99.09247589111328, "support": 13333.0, "precision": 96.8419847196638, "recall": 95.86647064219568, "f1_score": 96.13924037866931}