{"accuracy_top-1": 7.534195423126221, "accuracy_top-5": 18.678525924682617, "support": 13379.0, "precision": 11.740167290719128, "recall": 6.835559531165502, "f1_score": 5.098581344177831}